review_id,matched_product_id,platform,predicted_platform,first15_predicted_platform
aliexpress_02d92dfd3a1a7caa,kospet_tank_t3_ultra,AliExpress,Amazon,Amazon
aliexpress_0907f9f5f279dd0c,kospet_tank_t3_ultra,AliExpress,AliExpress,AliExpress
aliexpress_17969272ec8d3be9,kospet_tank_t3_ultra,AliExpress,AliExpress,Amazon
aliexpress_24a864c04b3feb60,kospet_tank_t3_ultra,AliExpress,Amazon,Amazon
aliexpress_24c2e3bd6ab50ba4,kospet_tank_t3_ultra,AliExpress,AliExpress,AliExpress
aliexpress_2ba70a022da0b033,kospet_tank_t3_ultra,AliExpress,AliExpress,AliExpress
aliexpress_3e6d824e2636b7a9,kospet_tank_t3_ultra,AliExpress,AliExpress,Amazon
aliexpress_4d22920b9592fb26,kospet_tank_t3_ultra,AliExpress,Amazon,Amazon
aliexpress_4f15ac9aba227e68,kospet_tank_t3_ultra,AliExpress,AliExpress,Amazon
aliexpress_5834830a5102ead7,kospet_tank_t3_ultra,AliExpress,AliExpress,AliExpress
aliexpress_625a44edb51aaa3d,kospet_tank_t3_ultra,AliExpress,AliExpress,Amazon
aliexpress_6425d0f0e0f99266,kospet_tank_t3_ultra,AliExpress,Amazon,AliExpress
aliexpress_7060911dd73e6dae,kospet_tank_t3_ultra,AliExpress,AliExpress,AliExpress
aliexpress_780aafbc4848b918,kospet_tank_t3_ultra,AliExpress,Amazon,Amazon
aliexpress_7dccfb868c0e8695,kospet_tank_t3_ultra,AliExpress,AliExpress,AliExpress
aliexpress_81a44c96dffa0f4d,kospet_tank_t3_ultra,AliExpress,AliExpress,Amazon
aliexpress_8239ea411db392fa,kospet_tank_t3_ultra,AliExpress,AliExpress,AliExpress
aliexpress_8420afd4fb343080,kospet_tank_t3_ultra,AliExpress,AliExpress,AliExpress
aliexpress_874ec4b845b60c2a,kospet_tank_t3_ultra,AliExpress,AliExpress,Amazon
aliexpress_8d2d96894a3be048,kospet_tank_t3_ultra,AliExpress,Amazon,Amazon
aliexpress_8dd8d946f8dbd5a5,kospet_tank_t3_ultra,AliExpress,Amazon,Amazon
aliexpress_90412ba50204f564,kospet_tank_t3_ultra,AliExpress,AliExpress,AliExpress
aliexpress_98d29f823e8eb60f,kospet_tank_t3_ultra,AliExpress,Amazon,Amazon
aliexpress_a126c4315ebfdaea,kospet_tank_t3_ultra,AliExpress,Amazon,Amazon
aliexpress_acbdd9cb75d5be94,kospet_tank_t3_ultra,AliExpress,AliExpress,Amazon
aliexpress_bb2c450c6a53cade,kospet_tank_t3_ultra,AliExpress,AliExpress,AliExpress
aliexpress_bde3e9f6d9a4c0d8,kospet_tank_t3_ultra,AliExpress,AliExpress,Amazon
aliexpress_cda68a28fc31576b,kospet_tank_t3_ultra,AliExpress,AliExpress,AliExpress
aliexpress_cfe84ec0bee061da,kospet_tank_t3_ultra,AliExpress,AliExpress,Amazon
aliexpress_d1987d3d60caa597,kospet_tank_t3_ultra,AliExpress,AliExpress,AliExpress
aliexpress_da2a222d4349c642,kospet_tank_t3_ultra,AliExpress,Amazon,Amazon
aliexpress_da94b3448fcbac23,kospet_tank_t3_ultra,AliExpress,AliExpress,AliExpress
aliexpress_dd6785d3c63e512f,kospet_tank_t3_ultra,AliExpress,AliExpress,AliExpress
aliexpress_eb34e8676b65e747,kospet_tank_t3_ultra,AliExpress,AliExpress,AliExpress
aliexpress_ec48ccc9e4b4951c,kospet_tank_t3_ultra,AliExpress,AliExpress,AliExpress
amazon_0d93328603db070c,kospet_tank_t3_ultra,Amazon,Amazon,Amazon
amazon_0eeac79322775718,kospet_tank_t3_ultra,Amazon,Amazon,Amazon
amazon_1e280c5c9835d804,kospet_tank_t3_ultra,Amazon,Amazon,Amazon
amazon_21c51f887815ecd8,kospet_tank_t3_ultra,Amazon,Amazon,Amazon
amazon_2220fcfb897aa7e6,kospet_tank_t3_ultra,Amazon,AliExpress,Amazon
amazon_296e078e694663e0,kospet_tank_t3_ultra,Amazon,AliExpress,Amazon
amazon_29718c45085aa43e,kospet_tank_t3_ultra,Amazon,AliExpress,Amazon
amazon_2b591d17ab10aae3,kospet_tank_t3_ultra,Amazon,Amazon,AliExpress
amazon_3628d240866a3767,kospet_tank_t3_ultra,Amazon,Amazon,Amazon
amazon_3b4079e0ab1297e8,kospet_tank_t3_ultra,Amazon,Amazon,Amazon
amazon_42506f72d4c72410,kospet_tank_t3_ultra,Amazon,AliExpress,AliExpress
amazon_491aba88fcec0884,kospet_tank_t3_ultra,Amazon,Amazon,Amazon
amazon_662eb9a159f8b628,kospet_tank_t3_ultra,Amazon,Amazon,Amazon
amazon_68c0b1e4de8a0c4a,kospet_tank_t3_ultra,Amazon,Amazon,Amazon
amazon_6960f3611a72c1d0,kospet_tank_t3_ultra,Amazon,Amazon,AliExpress
amazon_7d8da07d9c2a15c5,kospet_tank_t3_ultra,Amazon,Amazon,Amazon
amazon_7e2bd10bbe776ce2,kospet_tank_t3_ultra,Amazon,Amazon,Amazon
amazon_8e17b6214f5d9738,kospet_tank_t3_ultra,Amazon,Amazon,Amazon
amazon_9642a716c7f1398e,kospet_tank_t3_ultra,Amazon,AliExpress,Amazon
amazon_a40facc17cfea5ba,kospet_tank_t3_ultra,Amazon,AliExpress,Amazon
amazon_a5f2cd5443feee22,kospet_tank_t3_ultra,Amazon,AliExpress,AliExpress
amazon_b81536f2e8359439,kospet_tank_t3_ultra,Amazon,AliExpress,Amazon
amazon_b8a04d12f87c8c52,kospet_tank_t3_ultra,Amazon,Amazon,Amazon
amazon_c8c8b5162e61aa46,kospet_tank_t3_ultra,Amazon,Amazon,Amazon
amazon_cd3db58ddd00d918,kospet_tank_t3_ultra,Amazon,Amazon,Amazon
amazon_dc305b44f1435421,kospet_tank_t3_ultra,Amazon,Amazon,Amazon
amazon_de4701128fe92fa0,kospet_tank_t3_ultra,Amazon,Amazon,Amazon
amazon_e4be4b45e0d3e038,kospet_tank_t3_ultra,Amazon,Amazon,Amazon
amazon_e7dd0a8bf4b30bb6,kospet_tank_t3_ultra,Amazon,AliExpress,AliExpress
amazon_ea9e2629f1f54f21,kospet_tank_t3_ultra,Amazon,Amazon,Amazon
amazon_efc80fe368ffbc3a,kospet_tank_t3_ultra,Amazon,Amazon,Amazon
amazon_f17ff4b250fb5925,kospet_tank_t3_ultra,Amazon,Amazon,Amazon
amazon_f41473731a7f1184,kospet_tank_t3_ultra,Amazon,Amazon,Amazon
amazon_f57cdecfc55dc570,kospet_tank_t3_ultra,Amazon,Amazon,AliExpress
amazon_fe942e86218bf256,kospet_tank_t3_ultra,Amazon,Amazon,AliExpress
