aspect,amazon_mentions,amazon_share,aliexpress_mentions,aliexpress_share,odds_ratio_amazon_vs_aliexpress,fisher_p_value,fdr_adjusted_p
display,11,0.3142857142857143,1,0.02857142857142857,15.583333333333334,0.0029020607245613516,0.026118546521052166
battery,15,0.42857142857142855,6,0.17142857142857143,3.625,0.035594332047733754,0.08008724710740095
health_tracking,6,0.17142857142857143,0,0.0,inf,0.024759147406778814,0.07427744222033644
gps_navigation,7,0.2,0,0.0,inf,0.011218988668696651,0.05048544900913493
app_connectivity,6,0.17142857142857143,3,0.08571428571428572,2.206896551724138,0.4772625168472022,0.6076028716968211
calling_notifications,0,0.0,0,0.0,,1.0,1.0
durability_water,6,0.17142857142857143,3,0.08571428571428572,2.206896551724138,0.4772625168472022,0.6076028716968211
comfort_design,8,0.22857142857142856,5,0.14285714285714285,1.7777777777777777,0.5400914415082855,0.6076028716968211
delivery_packaging,3,0.08571428571428572,8,0.22857142857142856,0.31640625,0.18753292040810263,0.33755925673458476
