review_id,matched_product_id,brand,model,platform,marketplace_context,source_item_id,product_url,review_text,review_title,rating,review_date,reviewer_country,verified_purchase,helpful_votes,language,collection_method,source_dataset,sample_frame,notes
aliexpress_02d92dfd3a1a7caa,kospet_tank_t3_ultra,KOSPET,TANK T3 Ultra,AliExpress,AliExpress global English-language reviews,1005006851800028,https://www.aliexpress.com/item/1005006851800028.html,"I will write down a smart watch, in the sets there is glass, you can Bulo and not Brothers will swell... all good.",,5.0,2025-02-03,UA,unknown,,en,published_web_scraped_corpus,https://raw.githubusercontent.com/george07-t/AliExpress-Product-Review-Reply-Management-System/main/1.%20Dataset%20Collection/Product%20Review%20Of%20AliExpress.csv,Deterministic random sample of 35 from 143 English five-star reviews for the exact item.,Reviewer name was not retained.
aliexpress_0907f9f5f279dd0c,kospet_tank_t3_ultra,KOSPET,TANK T3 Ultra,AliExpress,AliExpress global English-language reviews,1005006851800028,https://www.aliexpress.com/item/1005006851800028.html,Very good quality and stylish. I like to have the watch on my hand. I am very satisfied and worth a recommendation. Fast shipping. Thank you to the seller.,,5.0,2024-09-21,DE,unknown,,en,published_web_scraped_corpus,https://raw.githubusercontent.com/george07-t/AliExpress-Product-Review-Reply-Management-System/main/1.%20Dataset%20Collection/Product%20Review%20Of%20AliExpress.csv,Deterministic random sample of 35 from 143 English five-star reviews for the exact item.,Reviewer name was not retained.
aliexpress_17969272ec8d3be9,kospet_tank_t3_ultra,KOSPET,TANK T3 Ultra,AliExpress,AliExpress global English-language reviews,1005006851800028,https://www.aliexpress.com/item/1005006851800028.html,Perfect watch just works amazing and possible,,5.0,2024-10-31,IL,unknown,,en,published_web_scraped_corpus,https://raw.githubusercontent.com/george07-t/AliExpress-Product-Review-Reply-Management-System/main/1.%20Dataset%20Collection/Product%20Review%20Of%20AliExpress.csv,Deterministic random sample of 35 from 143 English five-star reviews for the exact item.,Reviewer name was not retained.
aliexpress_24a864c04b3feb60,kospet_tank_t3_ultra,KOSPET,TANK T3 Ultra,AliExpress,AliExpress global English-language reviews,1005006851800028,https://www.aliexpress.com/item/1005006851800028.html,"I liked great product is beautiful. Every detail. As soon as I liked the sport a lot, it shows me data that other watches of these characteristics did not show me.",,5.0,2024-09-26,PE,unknown,,en,published_web_scraped_corpus,https://raw.githubusercontent.com/george07-t/AliExpress-Product-Review-Reply-Management-System/main/1.%20Dataset%20Collection/Product%20Review%20Of%20AliExpress.csv,Deterministic random sample of 35 from 143 English five-star reviews for the exact item.,Reviewer name was not retained.
aliexpress_24c2e3bd6ab50ba4,kospet_tank_t3_ultra,KOSPET,TANK T3 Ultra,AliExpress,AliExpress global English-language reviews,1005006851800028,https://www.aliexpress.com/item/1005006851800028.html,Good watch.,,5.0,2024-10-21,RU,unknown,,en,published_web_scraped_corpus,https://raw.githubusercontent.com/george07-t/AliExpress-Product-Review-Reply-Management-System/main/1.%20Dataset%20Collection/Product%20Review%20Of%20AliExpress.csv,Deterministic random sample of 35 from 143 English five-star reviews for the exact item.,Reviewer name was not retained.
aliexpress_2ba70a022da0b033,kospet_tank_t3_ultra,KOSPET,TANK T3 Ultra,AliExpress,AliExpress global English-language reviews,1005006851800028,https://www.aliexpress.com/item/1005006851800028.html,Good quality good watch!! Recommended,,5.0,2024-11-28,PE,unknown,,en,published_web_scraped_corpus,https://raw.githubusercontent.com/george07-t/AliExpress-Product-Review-Reply-Management-System/main/1.%20Dataset%20Collection/Product%20Review%20Of%20AliExpress.csv,Deterministic random sample of 35 from 143 English five-star reviews for the exact item.,Reviewer name was not retained.
aliexpress_3e6d824e2636b7a9,kospet_tank_t3_ultra,KOSPET,TANK T3 Ultra,AliExpress,AliExpress global English-language reviews,1005006851800028,https://www.aliexpress.com/item/1005006851800028.html,All as described. Well packed. Hopefully works as correctly as described.,,5.0,2024-10-16,EE,unknown,,en,published_web_scraped_corpus,https://raw.githubusercontent.com/george07-t/AliExpress-Product-Review-Reply-Management-System/main/1.%20Dataset%20Collection/Product%20Review%20Of%20AliExpress.csv,Deterministic random sample of 35 from 143 English five-star reviews for the exact item.,Reviewer name was not retained.
aliexpress_4d22920b9592fb26,kospet_tank_t3_ultra,KOSPET,TANK T3 Ultra,AliExpress,AliExpress global English-language reviews,1005006851800028,https://www.aliexpress.com/item/1005006851800028.html,"This is the second watch I ordered. They came to Estonia quickly, about two weeks. Build quality at the highest level, worn constantly, often in harsh environments, while the paint does not peel off and the body is scratch resistant. The functionality of the watch is the same as indicated by the manufacturer. I am satisfied with the purchase for all 100%, the best value for money!",,5.0,2024-12-24,EE,unknown,,en,published_web_scraped_corpus,https://raw.githubusercontent.com/george07-t/AliExpress-Product-Review-Reply-Management-System/main/1.%20Dataset%20Collection/Product%20Review%20Of%20AliExpress.csv,Deterministic random sample of 35 from 143 English five-star reviews for the exact item.,Reviewer name was not retained.
aliexpress_4f15ac9aba227e68,kospet_tank_t3_ultra,KOSPET,TANK T3 Ultra,AliExpress,AliExpress global English-language reviews,1005006851800028,https://www.aliexpress.com/item/1005006851800028.html,"Good afternoon, an application update for the Watch arrived, from its application in kospet, When the update was made, the clock turned off and went black, it no longer turns on, I need a solution, the publicity is a lot, so that it does not work, I need them to change it.",,5.0,2024-10-27,CL,unknown,,en,published_web_scraped_corpus,https://raw.githubusercontent.com/george07-t/AliExpress-Product-Review-Reply-Management-System/main/1.%20Dataset%20Collection/Product%20Review%20Of%20AliExpress.csv,Deterministic random sample of 35 from 143 English five-star reviews for the exact item.,Reviewer name was not retained.
aliexpress_5834830a5102ead7,kospet_tank_t3_ultra,KOSPET,TANK T3 Ultra,AliExpress,AliExpress global English-language reviews,1005006851800028,https://www.aliexpress.com/item/1005006851800028.html,"The seller was very nice and responded to messages and the watch is amazing, good quality and nice looking.",,5.0,2024-09-26,HR,unknown,,en,published_web_scraped_corpus,https://raw.githubusercontent.com/george07-t/AliExpress-Product-Review-Reply-Management-System/main/1.%20Dataset%20Collection/Product%20Review%20Of%20AliExpress.csv,Deterministic random sample of 35 from 143 English five-star reviews for the exact item.,Reviewer name was not retained.
aliexpress_625a44edb51aaa3d,kospet_tank_t3_ultra,KOSPET,TANK T3 Ultra,AliExpress,AliExpress global English-language reviews,1005006851800028,https://www.aliexpress.com/item/1005006851800028.html,I am very satisfied. I will write well.,,5.0,2024-09-07,KR,unknown,,en,published_web_scraped_corpus,https://raw.githubusercontent.com/george07-t/AliExpress-Product-Review-Reply-Management-System/main/1.%20Dataset%20Collection/Product%20Review%20Of%20AliExpress.csv,Deterministic random sample of 35 from 143 English five-star reviews for the exact item.,Reviewer name was not retained.
aliexpress_6425d0f0e0f99266,kospet_tank_t3_ultra,KOSPET,TANK T3 Ultra,AliExpress,AliExpress global English-language reviews,1005006851800028,https://www.aliexpress.com/item/1005006851800028.html,It looks strong.,,5.0,2024-11-02,KR,unknown,,en,published_web_scraped_corpus,https://raw.githubusercontent.com/george07-t/AliExpress-Product-Review-Reply-Management-System/main/1.%20Dataset%20Collection/Product%20Review%20Of%20AliExpress.csv,Deterministic random sample of 35 from 143 English five-star reviews for the exact item.,Reviewer name was not retained.
aliexpress_7060911dd73e6dae,kospet_tank_t3_ultra,KOSPET,TANK T3 Ultra,AliExpress,AliExpress global English-language reviews,1005006851800028,https://www.aliexpress.com/item/1005006851800028.html,Very satisfied. App updates are also very good.,,5.0,2024-11-17,KR,unknown,,en,published_web_scraped_corpus,https://raw.githubusercontent.com/george07-t/AliExpress-Product-Review-Reply-Management-System/main/1.%20Dataset%20Collection/Product%20Review%20Of%20AliExpress.csv,Deterministic random sample of 35 from 143 English five-star reviews for the exact item.,Reviewer name was not retained.
aliexpress_780aafbc4848b918,kospet_tank_t3_ultra,KOSPET,TANK T3 Ultra,AliExpress,AliExpress global English-language reviews,1005006851800028,https://www.aliexpress.com/item/1005006851800028.html,"Very fast shipping and delivery. Watch well done, intuitive in use. Very good value for money. Very comfortable on the wrist.",,5.0,2024-09-19,IT,unknown,,en,published_web_scraped_corpus,https://raw.githubusercontent.com/george07-t/AliExpress-Product-Review-Reply-Management-System/main/1.%20Dataset%20Collection/Product%20Review%20Of%20AliExpress.csv,Deterministic random sample of 35 from 143 English five-star reviews for the exact item.,Reviewer name was not retained.
aliexpress_7dccfb868c0e8695,kospet_tank_t3_ultra,KOSPET,TANK T3 Ultra,AliExpress,AliExpress global English-language reviews,1005006851800028,https://www.aliexpress.com/item/1005006851800028.html,A week and a half at a large Canary Islands very good watch looks very robust somewhat heavy but perfect if you want something good,,5.0,2024-09-16,ES,unknown,,en,published_web_scraped_corpus,https://raw.githubusercontent.com/george07-t/AliExpress-Product-Review-Reply-Management-System/main/1.%20Dataset%20Collection/Product%20Review%20Of%20AliExpress.csv,Deterministic random sample of 35 from 143 English five-star reviews for the exact item.,Reviewer name was not retained.
aliexpress_81a44c96dffa0f4d,kospet_tank_t3_ultra,KOSPET,TANK T3 Ultra,AliExpress,AliExpress global English-language reviews,1005006851800028,https://www.aliexpress.com/item/1005006851800028.html,"I liked the watch. But the charger does not magnetic-it falls away from the watch, you have to charge only by pressing the charge for hours. While I'm learning this device. Later I will unsubscribe how they behave. When turned on, the firmware update immediately arrived-updated. Delivery 15 days mist Express.",,5.0,2024-10-17,UA,unknown,,en,published_web_scraped_corpus,https://raw.githubusercontent.com/george07-t/AliExpress-Product-Review-Reply-Management-System/main/1.%20Dataset%20Collection/Product%20Review%20Of%20AliExpress.csv,Deterministic random sample of 35 from 143 English five-star reviews for the exact item.,Reviewer name was not retained.
aliexpress_8239ea411db392fa,kospet_tank_t3_ultra,KOSPET,TANK T3 Ultra,AliExpress,AliExpress global English-language reviews,1005006851800028,https://www.aliexpress.com/item/1005006851800028.html,"High-quality, durable watch with many functions. Works well. The battery has a good capacity.",,5.0,2024-12-27,LV,unknown,,en,published_web_scraped_corpus,https://raw.githubusercontent.com/george07-t/AliExpress-Product-Review-Reply-Management-System/main/1.%20Dataset%20Collection/Product%20Review%20Of%20AliExpress.csv,Deterministic random sample of 35 from 143 English five-star reviews for the exact item.,Reviewer name was not retained.
aliexpress_8420afd4fb343080,kospet_tank_t3_ultra,KOSPET,TANK T3 Ultra,AliExpress,AliExpress global English-language reviews,1005006851800028,https://www.aliexpress.com/item/1005006851800028.html,"Garny year-old, shvidka delivery, seller recommend.",,5.0,2024-09-25,UA,unknown,,en,published_web_scraped_corpus,https://raw.githubusercontent.com/george07-t/AliExpress-Product-Review-Reply-Management-System/main/1.%20Dataset%20Collection/Product%20Review%20Of%20AliExpress.csv,Deterministic random sample of 35 from 143 English five-star reviews for the exact item.,Reviewer name was not retained.
aliexpress_874ec4b845b60c2a,kospet_tank_t3_ultra,KOSPET,TANK T3 Ultra,AliExpress,AliExpress global English-language reviews,1005006851800028,https://www.aliexpress.com/item/1005006851800028.html,All the same as in the description. only I wanted light silver. and sent dark ones.,,5.0,2025-02-13,RU,unknown,,en,published_web_scraped_corpus,https://raw.githubusercontent.com/george07-t/AliExpress-Product-Review-Reply-Management-System/main/1.%20Dataset%20Collection/Product%20Review%20Of%20AliExpress.csv,Deterministic random sample of 35 from 143 English five-star reviews for the exact item.,Reviewer name was not retained.
aliexpress_8d2d96894a3be048,kospet_tank_t3_ultra,KOSPET,TANK T3 Ultra,AliExpress,AliExpress global English-language reviews,1005006851800028,https://www.aliexpress.com/item/1005006851800028.html,The watch is great can be said Super. quickly set up. many functions work perfectly,,5.0,2024-11-30,RU,unknown,,en,published_web_scraped_corpus,https://raw.githubusercontent.com/george07-t/AliExpress-Product-Review-Reply-Management-System/main/1.%20Dataset%20Collection/Product%20Review%20Of%20AliExpress.csv,Deterministic random sample of 35 from 143 English five-star reviews for the exact item.,Reviewer name was not retained.
aliexpress_8dd8d946f8dbd5a5,kospet_tank_t3_ultra,KOSPET,TANK T3 Ultra,AliExpress,AliExpress global English-language reviews,1005006851800028,https://www.aliexpress.com/item/1005006851800028.html,Only bad working App. And vibration very soft even though it is on the strongest,,5.0,2024-10-01,BE,unknown,,en,published_web_scraped_corpus,https://raw.githubusercontent.com/george07-t/AliExpress-Product-Review-Reply-Management-System/main/1.%20Dataset%20Collection/Product%20Review%20Of%20AliExpress.csv,Deterministic random sample of 35 from 143 English five-star reviews for the exact item.,Reviewer name was not retained.
aliexpress_90412ba50204f564,kospet_tank_t3_ultra,KOSPET,TANK T3 Ultra,AliExpress,AliExpress global English-language reviews,1005006851800028,https://www.aliexpress.com/item/1005006851800028.html,"Excellent quality watches, a lot of good dials, just good and not Berry flowers. Work perfectly, comfortable in everything. The seller is handsome, we will take it safely, you will not regret...",,5.0,2024-09-20,RU,unknown,,en,published_web_scraped_corpus,https://raw.githubusercontent.com/george07-t/AliExpress-Product-Review-Reply-Management-System/main/1.%20Dataset%20Collection/Product%20Review%20Of%20AliExpress.csv,Deterministic random sample of 35 from 143 English five-star reviews for the exact item.,Reviewer name was not retained.
aliexpress_98d29f823e8eb60f,kospet_tank_t3_ultra,KOSPET,TANK T3 Ultra,AliExpress,AliExpress global English-language reviews,1005006851800028,https://www.aliexpress.com/item/1005006851800028.html,Great thank you,,5.0,2024-09-23,UK,unknown,,en,published_web_scraped_corpus,https://raw.githubusercontent.com/george07-t/AliExpress-Product-Review-Reply-Management-System/main/1.%20Dataset%20Collection/Product%20Review%20Of%20AliExpress.csv,Deterministic random sample of 35 from 143 English five-star reviews for the exact item.,Reviewer name was not retained.
aliexpress_a126c4315ebfdaea,kospet_tank_t3_ultra,KOSPET,TANK T3 Ultra,AliExpress,AliExpress global English-language reviews,1005006851800028,https://www.aliexpress.com/item/1005006851800028.html,"The price ratio is the highest for Nina. The watch is too light and durable. Like a titanium watch, it is light and fit. At the price of this, if it is this level of function and performance A + among smart watches.",,5.0,2024-12-16,KR,unknown,,en,published_web_scraped_corpus,https://raw.githubusercontent.com/george07-t/AliExpress-Product-Review-Reply-Management-System/main/1.%20Dataset%20Collection/Product%20Review%20Of%20AliExpress.csv,Deterministic random sample of 35 from 143 English five-star reviews for the exact item.,Reviewer name was not retained.
aliexpress_acbdd9cb75d5be94,kospet_tank_t3_ultra,KOSPET,TANK T3 Ultra,AliExpress,AliExpress global English-language reviews,1005006851800028,https://www.aliexpress.com/item/1005006851800028.html,"The watch is very cool, but after 2 week there was a problem with the display. I am waiting for the solution of this situation and how the seller will approach the topic, I think it will be all OK And we will agree on the topic, Regards!!",,5.0,2024-12-13,PL,unknown,,en,published_web_scraped_corpus,https://raw.githubusercontent.com/george07-t/AliExpress-Product-Review-Reply-Management-System/main/1.%20Dataset%20Collection/Product%20Review%20Of%20AliExpress.csv,Deterministic random sample of 35 from 143 English five-star reviews for the exact item.,Reviewer name was not retained.
aliexpress_bb2c450c6a53cade,kospet_tank_t3_ultra,KOSPET,TANK T3 Ultra,AliExpress,AliExpress global English-language reviews,1005006851800028,https://www.aliexpress.com/item/1005006851800028.html,Watch is worthy! recommend!,,5.0,2024-11-24,UA,unknown,,en,published_web_scraped_corpus,https://raw.githubusercontent.com/george07-t/AliExpress-Product-Review-Reply-Management-System/main/1.%20Dataset%20Collection/Product%20Review%20Of%20AliExpress.csv,Deterministic random sample of 35 from 143 English five-star reviews for the exact item.,Reviewer name was not retained.
aliexpress_bde3e9f6d9a4c0d8,kospet_tank_t3_ultra,KOSPET,TANK T3 Ultra,AliExpress,AliExpress global English-language reviews,1005006851800028,https://www.aliexpress.com/item/1005006851800028.html,"At the moment I arrive fast, it works incredible, it has everything I need. With the time of use sabre whether it is good or not",,5.0,2024-10-10,AR,unknown,,en,published_web_scraped_corpus,https://raw.githubusercontent.com/george07-t/AliExpress-Product-Review-Reply-Management-System/main/1.%20Dataset%20Collection/Product%20Review%20Of%20AliExpress.csv,Deterministic random sample of 35 from 143 English five-star reviews for the exact item.,Reviewer name was not retained.
aliexpress_cda68a28fc31576b,kospet_tank_t3_ultra,KOSPET,TANK T3 Ultra,AliExpress,AliExpress global English-language reviews,1005006851800028,https://www.aliexpress.com/item/1005006851800028.html,"The watch is great, heavy, looks like a baby Bagata). Watch with 95% charge, working charging (checked). Metal bracelet and protective glass are attached to the parcel separately. Delivery is fast, they came to Belgorod in a week (the warehouse is somewhere close in Russia), which is very pleasing. Thanks seller, recommend",,5.0,2024-10-30,RU,unknown,,en,published_web_scraped_corpus,https://raw.githubusercontent.com/george07-t/AliExpress-Product-Review-Reply-Management-System/main/1.%20Dataset%20Collection/Product%20Review%20Of%20AliExpress.csv,Deterministic random sample of 35 from 143 English five-star reviews for the exact item.,Reviewer name was not retained.
aliexpress_cfe84ec0bee061da,kospet_tank_t3_ultra,KOSPET,TANK T3 Ultra,AliExpress,AliExpress global English-language reviews,1005006851800028,https://www.aliexpress.com/item/1005006851800028.html,Perfect.,,5.0,2024-12-09,BG,unknown,,en,published_web_scraped_corpus,https://raw.githubusercontent.com/george07-t/AliExpress-Product-Review-Reply-Management-System/main/1.%20Dataset%20Collection/Product%20Review%20Of%20AliExpress.csv,Deterministic random sample of 35 from 143 English five-star reviews for the exact item.,Reviewer name was not retained.
aliexpress_d1987d3d60caa597,kospet_tank_t3_ultra,KOSPET,TANK T3 Ultra,AliExpress,AliExpress global English-language reviews,1005006851800028,https://www.aliexpress.com/item/1005006851800028.html,Excellent all good quality I am very happy with the purchase Highly recommended,,5.0,2024-12-04,MX,unknown,,en,published_web_scraped_corpus,https://raw.githubusercontent.com/george07-t/AliExpress-Product-Review-Reply-Management-System/main/1.%20Dataset%20Collection/Product%20Review%20Of%20AliExpress.csv,Deterministic random sample of 35 from 143 English five-star reviews for the exact item.,Reviewer name was not retained.
aliexpress_da2a222d4349c642,kospet_tank_t3_ultra,KOSPET,TANK T3 Ultra,AliExpress,AliExpress global English-language reviews,1005006851800028,https://www.aliexpress.com/item/1005006851800028.html,cool watch super,,5.0,2025-02-24,RU,unknown,,en,published_web_scraped_corpus,https://raw.githubusercontent.com/george07-t/AliExpress-Product-Review-Reply-Management-System/main/1.%20Dataset%20Collection/Product%20Review%20Of%20AliExpress.csv,Deterministic random sample of 35 from 143 English five-star reviews for the exact item.,Reviewer name was not retained.
aliexpress_da94b3448fcbac23,kospet_tank_t3_ultra,KOSPET,TANK T3 Ultra,AliExpress,AliExpress global English-language reviews,1005006851800028,https://www.aliexpress.com/item/1005006851800028.html,"Excellent primium watch, meets all expectations. We recommend the seller, the product arrived faster than expected (9 days) and in very good condition.",,5.0,2024-09-14,CO,unknown,,en,published_web_scraped_corpus,https://raw.githubusercontent.com/george07-t/AliExpress-Product-Review-Reply-Management-System/main/1.%20Dataset%20Collection/Product%20Review%20Of%20AliExpress.csv,Deterministic random sample of 35 from 143 English five-star reviews for the exact item.,Reviewer name was not retained.
aliexpress_dd6785d3c63e512f,kospet_tank_t3_ultra,KOSPET,TANK T3 Ultra,AliExpress,AliExpress global English-language reviews,1005006851800028,https://www.aliexpress.com/item/1005006851800028.html,"Excellent purchase, arrived earlier than expected, I appreciate the attention paid, very good seller. Congratulation.",,5.0,2024-10-17,CO,unknown,,en,published_web_scraped_corpus,https://raw.githubusercontent.com/george07-t/AliExpress-Product-Review-Reply-Management-System/main/1.%20Dataset%20Collection/Product%20Review%20Of%20AliExpress.csv,Deterministic random sample of 35 from 143 English five-star reviews for the exact item.,Reviewer name was not retained.
aliexpress_eb34e8676b65e747,kospet_tank_t3_ultra,KOSPET,TANK T3 Ultra,AliExpress,AliExpress global English-language reviews,1005006851800028,https://www.aliexpress.com/item/1005006851800028.html,"Although the watch came with a delay, but I liked the watch itself, but the bracelet that went as a gift turned out to be not the same color as the watch and darker, in general, a useless gift turned out to be, why give it?",,5.0,2025-01-20,RU,unknown,,en,published_web_scraped_corpus,https://raw.githubusercontent.com/george07-t/AliExpress-Product-Review-Reply-Management-System/main/1.%20Dataset%20Collection/Product%20Review%20Of%20AliExpress.csv,Deterministic random sample of 35 from 143 English five-star reviews for the exact item.,Reviewer name was not retained.
aliexpress_ec48ccc9e4b4951c,kospet_tank_t3_ultra,KOSPET,TANK T3 Ultra,AliExpress,AliExpress global English-language reviews,1005006851800028,https://www.aliexpress.com/item/1005006851800028.html,nice sports watch works good.,,5.0,2024-10-05,US,unknown,,en,published_web_scraped_corpus,https://raw.githubusercontent.com/george07-t/AliExpress-Product-Review-Reply-Management-System/main/1.%20Dataset%20Collection/Product%20Review%20Of%20AliExpress.csv,Deterministic random sample of 35 from 143 English five-star reviews for the exact item.,Reviewer name was not retained.
amazon_0d93328603db070c,kospet_tank_t3_ultra,KOSPET,TANK T3 Ultra,Amazon,Amazon US,B0CQXB54JC,https://www.amazon.com/dp/B0CQXB54JC,"It's a low-cost Garmin watch. The gadget surprised me by performing better than I had anticipated. Its sturdy construction is evident right out of the box; it feels like it could withstand a lot of abuse. Claims of military-grade durability appear to be justified, as it withstands drops, hard hits, and exposure to dust and water with relative ease. It's comforting to know that the TANK T3 can manage rough terrain, whether you're hiking, camping, or just inexperienced. Impressive are the fitness features as well. It monitors heart rate, blood oxygen levels, sleep, and all the usual things. With its several sports modes, you may use it for almost any kind of exercise. GPS feature is a fantastic addition, particularly for treks or outdoor runs. It's easy to follow and perfectly accurate.",Best purchase and no regrets at all. Its a Budget Garmin.,5.0,2024-09-10,United States,True,1,en,public_woot_review_endpoint,https://www.woot.com/review/Reviews/B0CQXB54JC,English written five-star reviews from the top-ranked endpoint pool.,Reviewer name and media URLs were not retained.
amazon_0eeac79322775718,kospet_tank_t3_ultra,KOSPET,TANK T3 Ultra,Amazon,Amazon US,B0CQXB54JC,https://www.amazon.com/dp/B0CQXB54JC,"This is a great watch, it's a comfortable, really user friendly and gives you everything and more that you would only expect from a high end watch! The battery life is very good and the watch recharges pretty quick. This is a great value for money product and looks good on your arm. It connects quickly to my different bluetooth devices, and it's perfect for outdoor work, dust, dirt and water. It's gps is also great for tracking my training. The touch screen is really responsive and the Oled make it really Brite and easy to see, day or night.",Great watch,5.0,2024-08-22,United States,True,3,en,public_woot_review_endpoint,https://www.woot.com/review/Reviews/B0CQXB54JC,English written five-star reviews from the top-ranked endpoint pool.,Reviewer name and media URLs were not retained.
amazon_1e280c5c9835d804,kospet_tank_t3_ultra,KOSPET,TANK T3 Ultra,Amazon,Amazon US,B0CQXB54JC,https://www.amazon.com/dp/B0CQXB54JC,"The Kospet Tank T3 is a well made watch. The build quality is great. I use it for work and every once in a while I bump it with a wall or something random and let me tell you that I have not see a scratch anywhere not to mention that it comes with a glass screen protector which is a plus! Battery life is awesome. On smart mode the battery is suppose to last two weeks. I had the watch for a week and have only charged it once and the battery life is currently at 67%. It has plenty of apps and features. My favorites are the multiple watch faces to choose from and the availability to show my messages and notifications. Overall, I recommend it as an alternative for an Apple or Samsung Watch without breaking the bank!",Awesome Watch!,5.0,2024-09-17,United States,True,2,en,public_woot_review_endpoint,https://www.woot.com/review/Reviews/B0CQXB54JC,English written five-star reviews from the top-ranked endpoint pool.,Reviewer name and media URLs were not retained.
amazon_21c51f887815ecd8,kospet_tank_t3_ultra,KOSPET,TANK T3 Ultra,Amazon,Amazon US,B0CQXB54JC,https://www.amazon.com/dp/B0CQXB54JC,"EDIT: I got perhaps the best customer service that I have gotten anywhere with this seller. They were proactive and sent me a new watch. There are still glitches in the software but they are manageable and pale in comparison to the watch itself which is great. I highly recommend this brand over other ""rugged"" watches which are generally rebranded versions of this one. I really wanted to like this watch, but unfortunately the app that it pairs with is sorely lacking. The ""raise to wake"" feature would not stay functional when set through the app and the option to set it on the phone was not operational in that the button could not even be moved. I reset the watch and made sure I was running the latest firmware and it would work once and then disappear. This is a pretty standard feature on even 30 dollar watches with worse apps and it's annoying not to have. Secondly, the contact syncing feature does not work. It randomly chooses about 20 out of my phone and then gives me the option to sync to the watch. Unfortunately, the ones it ""chooses"" aren't ones that I need or want and the ones I do want will not import. Marking them as favorites and even creating new contacts still doesn't work. Interestingly, when setting up the SOS contact you are taken directly to your phone's contact app and can select any that you want. I've been told that this is a known issue with not only the Kospet Fit app but also Gloryfit Pro and Carbinox Pro. All 3 apps look pretty much the same. Finally, and least importantly, the selection of ""hundreds"" of watch faces is beyond misleading unless you like juvenile clip art. The vast majority are unusable for adults and there are many that are anime related or are merely clip art. There are also some that celebrate May Day and a nice collection of faces with Arabic words. (Not judging..but the developer should know their customers.) It's a great looking watch but not having a decent app to consistently control even the most basic functions of the watch is a deal breaker for me and I'm returning it.",Great watch and A+ customer service,5.0,2024-09-14,United States,True,0,en,public_woot_review_endpoint,https://www.woot.com/review/Reviews/B0CQXB54JC,English written five-star reviews from the top-ranked endpoint pool.,Reviewer name and media URLs were not retained.
amazon_2220fcfb897aa7e6,kospet_tank_t3_ultra,KOSPET,TANK T3 Ultra,Amazon,Amazon US,B0CQXB54JC,https://www.amazon.com/dp/B0CQXB54JC,For the price you will not find a better smartwatch,Better that I expected,5.0,2024-11-04,United States,True,0,en,public_woot_review_endpoint,https://www.woot.com/review/Reviews/B0CQXB54JC,English written five-star reviews from the top-ranked endpoint pool.,Reviewer name and media URLs were not retained.
amazon_296e078e694663e0,kospet_tank_t3_ultra,KOSPET,TANK T3 Ultra,Amazon,Amazon US,B0CQXB54JC,https://www.amazon.com/dp/B0CQXB54JC,Value for my money,Smart watch,5.0,2024-09-04,United States,True,0,en,public_woot_review_endpoint,https://www.woot.com/review/Reviews/B0CQXB54JC,English written five-star reviews from the top-ranked endpoint pool.,Reviewer name and media URLs were not retained.
amazon_29718c45085aa43e,kospet_tank_t3_ultra,KOSPET,TANK T3 Ultra,Amazon,Amazon US,B0CQXB54JC,https://www.amazon.com/dp/B0CQXB54JC,I had an issue with my watch and they were very quick to respond. They replaced my watch and stand behind their product. Good company to work with. The watch is great too.,Great customer service and watch,5.0,2024-10-22,United States,True,0,en,public_woot_review_endpoint,https://www.woot.com/review/Reviews/B0CQXB54JC,English written five-star reviews from the top-ranked endpoint pool.,Reviewer name and media URLs were not retained.
amazon_2b591d17ab10aae3,kospet_tank_t3_ultra,KOSPET,TANK T3 Ultra,Amazon,Amazon US,B0CQXB54JC,https://www.amazon.com/dp/B0CQXB54JC,To early towrite a review. I like it so far.,How fast it was delivered,5.0,2024-08-11,United States,True,0,en,public_woot_review_endpoint,https://www.woot.com/review/Reviews/B0CQXB54JC,English written five-star reviews from the top-ranked endpoint pool.,Reviewer name and media URLs were not retained.
amazon_3628d240866a3767,kospet_tank_t3_ultra,KOSPET,TANK T3 Ultra,Amazon,Amazon US,B0CQXB54JC,https://www.amazon.com/dp/B0CQXB54JC,"It does everything it states it can do, and contrary to what others have said, I've found the health reading to be pretty accurate such as Heart rate, blood O2, Blood pressure, steps, etc. The only thing I can complain about is you have to sync the app to update the temperature on the watch, there's not an option that I've found to change the elevation reading to Feet instead of Meters (the setting changes everything else but not elevation). It would be nice if it would sync with Samsung health, but that's minor. I love the sleep tracking, and all the other functions, but depending on how you have it set the battery will run down much sooner that advertised. I get 4-5 days from mine the I have it set up, which is still good, but it's not 2 weeks or anything like that if you're using the HR, BP, sleep tracker, O2. If you cut all of that off, or set the timer where it doesn't sample as often I'm sure it will extend the battery. This a tough watch, that for the money can't be matched by the likes of Garmin, Samsung, or Apple, and is not as fragile as Apple and the Samsung for sure.",Fantastic watch for the price,5.0,2024-09-19,United States,True,0,en,public_woot_review_endpoint,https://www.woot.com/review/Reviews/B0CQXB54JC,English written five-star reviews from the top-ranked endpoint pool.,Reviewer name and media URLs were not retained.
amazon_3b4079e0ab1297e8,kospet_tank_t3_ultra,KOSPET,TANK T3 Ultra,Amazon,Amazon US,B0CQXB54JC,https://www.amazon.com/dp/B0CQXB54JC,A very great watch for the money.,A very good watch.,5.0,2025-01-23,United States,True,0,en,public_woot_review_endpoint,https://www.woot.com/review/Reviews/B0CQXB54JC,English written five-star reviews from the top-ranked endpoint pool.,Reviewer name and media URLs were not retained.
amazon_42506f72d4c72410,kospet_tank_t3_ultra,KOSPET,TANK T3 Ultra,Amazon,Amazon US,B0CQXB54JC,https://www.amazon.com/dp/B0CQXB54JC,"Looks great. Battery lasts a long time, over 7 days. Good sports watch to track effort. Does lose connection with phone.",Nice watch and alternative to Apple or Samsung,5.0,2024-12-11,United States,True,0,en,public_woot_review_endpoint,https://www.woot.com/review/Reviews/B0CQXB54JC,English written five-star reviews from the top-ranked endpoint pool.,Reviewer name and media URLs were not retained.
amazon_491aba88fcec0884,kospet_tank_t3_ultra,KOSPET,TANK T3 Ultra,Amazon,Amazon US,B0CQXB54JC,https://www.amazon.com/dp/B0CQXB54JC,"The product i am reviewing is the Kospet Tank T3 Ultra. This watch is very high quality even though the price was a crazy value. It came with a magnetic charger, watch band and watch itself. I have used it on a jog and find that the steps were comparable to the Apple watch. They both displayed the similar amount of steps if I wore each watch on each hand give or take 8 steps. Battery life was phenomenal. It holds a charge for more than two days with moderate usage. The screen is very bright and very responsive. I had no issue swimming with this on. And so far held up well with everyday use. I bump it on tables and walls all the time and the finish still looks new! All in all, I am very pleased and will not hesitate to buy a other one from this company. Apple and Samsung needs to step up their game or lower their prices because if this product exist why would you want to spend 4x more for an Apple or Samsung? I hope this helps anyone on the fence about buying this. You will be pleasantly surprised for sure!",Excellent alternative to the major players of smart watches!,5.0,2024-08-28,United States,True,3,en,public_woot_review_endpoint,https://www.woot.com/review/Reviews/B0CQXB54JC,English written five-star reviews from the top-ranked endpoint pool.,Reviewer name and media URLs were not retained.
amazon_662eb9a159f8b628,kospet_tank_t3_ultra,KOSPET,TANK T3 Ultra,Amazon,Amazon US,B0CQXB54JC,https://www.amazon.com/dp/B0CQXB54JC,"Love the watch. I bought this for health monitor. Don't use it for anything but time, blood pressure, heat rate. Easy to read and use.",Great customer service from seller.,5.0,2024-10-02,United States,True,0,en,public_woot_review_endpoint,https://www.woot.com/review/Reviews/B0CQXB54JC,English written five-star reviews from the top-ranked endpoint pool.,Reviewer name and media URLs were not retained.
amazon_68c0b1e4de8a0c4a,kospet_tank_t3_ultra,KOSPET,TANK T3 Ultra,Amazon,Amazon US,B0CQXB54JC,https://www.amazon.com/dp/B0CQXB54JC,"I was very pleased with the service provided. I had purchased the Tank T3 Ultra because it would give heart rate and blood pressure readings. However, the readings were not accurate which lead to my dissatisfaction. Amazon Customer Service were understanding of my concerns and made a generous offer for me to keep the watch plus a full refund. Which I did receive the refund. The action taken by Amazon was totally unexpected and well appreciated. Thank you!",Amazon is the best,5.0,2025-04-11,United States,True,0,en,public_woot_review_endpoint,https://www.woot.com/review/Reviews/B0CQXB54JC,English written five-star reviews from the top-ranked endpoint pool.,Reviewer name and media URLs were not retained.
amazon_6960f3611a72c1d0,kospet_tank_t3_ultra,KOSPET,TANK T3 Ultra,Amazon,Amazon US,B0CQXB54JC,https://www.amazon.com/dp/B0CQXB54JC,"This is an excellent watch with the most amazing screen and apps inside. For me personally I have a wrist over 7-1/4” so for me this watch is average size at 49mm and I thought it would sit larger on my wrist. It has a rather thin and cheap strap for my taste. I’m sending mine back and getting a 51mm watch. But that in no way should cause you to turn it down, for the price this is one hell of a damn great watch and you should grab one immediately.",Excellent product,5.0,2025-01-24,United States,True,0,en,public_woot_review_endpoint,https://www.woot.com/review/Reviews/B0CQXB54JC,English written five-star reviews from the top-ranked endpoint pool.,Reviewer name and media URLs were not retained.
amazon_7d8da07d9c2a15c5,kospet_tank_t3_ultra,KOSPET,TANK T3 Ultra,Amazon,Amazon US,B0CQXB54JC,https://www.amazon.com/dp/B0CQXB54JC,Great functionality with apps that I find useful. The altimeter can be set to QNH and is good for flying. I would not get anything more out of buying an Apple watch at four times the price. Love it!,This Is A Really Great Smartwatch,5.0,2024-09-13,United States,True,0,en,public_woot_review_endpoint,https://www.woot.com/review/Reviews/B0CQXB54JC,English written five-star reviews from the top-ranked endpoint pool.,Reviewer name and media URLs were not retained.
amazon_7e2bd10bbe776ce2,kospet_tank_t3_ultra,KOSPET,TANK T3 Ultra,Amazon,Amazon US,B0CQXB54JC,https://www.amazon.com/dp/B0CQXB54JC,"This is my fourth KOSPET watch and my favorite (of any brand) so far. It has the look, feel, and heft of a high-quality watch. It comes out of the box ready to set up and it uses the standard Kospet app. It offers several different faces and the display has excellent clarity. It has a multitude of built in functions. The vibrate function is strong enough to use as a wake up alarm. The buttons are solid and responsive. The compass and barometer are accurate enough for me to use at work. It is definitely waterproof; I shower with it daily and have immersed it in a foot of water. The construction is top notch -- well-sealed, durable, impact resistant, comfortable weight to it. The touch screen is sensitive, but not overly so. The battery life is excellent; I wear it 24 hours daily and only have to charge it once a week.","My favorite watch in 50 years, looks and feels high-end",5.0,2024-09-07,United States,True,4,en,public_woot_review_endpoint,https://www.woot.com/review/Reviews/B0CQXB54JC,English written five-star reviews from the top-ranked endpoint pool.,Reviewer name and media URLs were not retained.
amazon_8e17b6214f5d9738,kospet_tank_t3_ultra,KOSPET,TANK T3 Ultra,Amazon,Amazon US,B0CQXB54JC,https://www.amazon.com/dp/B0CQXB54JC,"I purchased this watch because I get in the water very often so I needed something water proof I used for a month and work really good it has lots of watch faces for free, at the second month I had some minor issues with the weather not be accurate or synchronized with the watch and one of the buttons stopped working not big deal because works with the touch screen. I contacted the manufacturer and I was blown away with their response next day and right away asked for the type of issue that I had and apologizing for the inconvenience that was super satisfying, anyway I explained them the issue and they offered me to send me a new watch or a refund the money, (keep in mind that the Amazon return or warranty period of 30 days was already passed). This manufacturer definitely cares about customers and I will definitely recommend their products. I give them 5 start because they responded quick and fixed my issue super fast.",Customer service super responsive and courteous,5.0,2025-07-18,United States,True,0,en,public_woot_review_endpoint,https://www.woot.com/review/Reviews/B0CQXB54JC,English written five-star reviews from the top-ranked endpoint pool.,Reviewer name and media URLs were not retained.
amazon_9642a716c7f1398e,kospet_tank_t3_ultra,KOSPET,TANK T3 Ultra,Amazon,Amazon US,B0CQXB54JC,https://www.amazon.com/dp/B0CQXB54JC,The back came off and doesn't stay in sink,Need to be replaced back came off,5.0,2025-12-19,United States,True,0,en,public_woot_review_endpoint,https://www.woot.com/review/Reviews/B0CQXB54JC,English written five-star reviews from the top-ranked endpoint pool.,Reviewer name and media URLs were not retained.
amazon_a40facc17cfea5ba,kospet_tank_t3_ultra,KOSPET,TANK T3 Ultra,Amazon,Amazon US,B0CQXB54JC,https://www.amazon.com/dp/B0CQXB54JC,"This watch not only met but exceeded my expectations! First of all, it is seriously high quality material… it looks expensive but is super affordable! The package comes with the watch band, screen protector and charger. This was a gift for my spouse and he absolutely loved it!",High Quality Smart Watch!,5.0,2024-09-09,United States,True,0,en,public_woot_review_endpoint,https://www.woot.com/review/Reviews/B0CQXB54JC,English written five-star reviews from the top-ranked endpoint pool.,Reviewer name and media URLs were not retained.
amazon_a5f2cd5443feee22,kospet_tank_t3_ultra,KOSPET,TANK T3 Ultra,Amazon,Amazon US,B0CQXB54JC,https://www.amazon.com/dp/B0CQXB54JC,"Was my first smart watch and it's great, so glad I went with German craftsmanship!",T3 ultra,5.0,2024-07-25,United States,True,0,en,public_woot_review_endpoint,https://www.woot.com/review/Reviews/B0CQXB54JC,English written five-star reviews from the top-ranked endpoint pool.,Reviewer name and media URLs were not retained.
amazon_b81536f2e8359439,kospet_tank_t3_ultra,KOSPET,TANK T3 Ultra,Amazon,Amazon US,B0CQXB54JC,https://www.amazon.com/dp/B0CQXB54JC,awesome technology,It does n does everything,5.0,2025-10-09,United States,True,0,en,public_woot_review_endpoint,https://www.woot.com/review/Reviews/B0CQXB54JC,English written five-star reviews from the top-ranked endpoint pool.,Reviewer name and media URLs were not retained.
amazon_b8a04d12f87c8c52,kospet_tank_t3_ultra,KOSPET,TANK T3 Ultra,Amazon,Amazon US,B0CQXB54JC,https://www.amazon.com/dp/B0CQXB54JC,"The watch has a lot of features, but the most important to me is ruggedness and durability. I work on the farm and spend a lot of time hunting or getting ready for hunting season. So far this watch has proven it can take the abuse.",Very durable watch and long battery life,5.0,2024-08-18,United States,True,0,en,public_woot_review_endpoint,https://www.woot.com/review/Reviews/B0CQXB54JC,English written five-star reviews from the top-ranked endpoint pool.,Reviewer name and media URLs were not retained.
amazon_c8c8b5162e61aa46,kospet_tank_t3_ultra,KOSPET,TANK T3 Ultra,Amazon,Amazon US,B0CQXB54JC,https://www.amazon.com/dp/B0CQXB54JC,"Easy to use, good battery life. As expected. Update: After using it for a few days, I am impressed with the battery life and how easy it is to use. It can be paired with my iPhone easily and for day to day use, it’s not bad at all. The design is pretty sleek as well, it comfortably stays on my wrist and the strap is comfortable too. Highly recommend this if you don’t want to spend the extra money for big brands. This thing will do the job just fine.",Good smartwatch for the price,5.0,2024-08-30,United States,True,0,en,public_woot_review_endpoint,https://www.woot.com/review/Reviews/B0CQXB54JC,English written five-star reviews from the top-ranked endpoint pool.,Reviewer name and media URLs were not retained.
amazon_cd3db58ddd00d918,kospet_tank_t3_ultra,KOSPET,TANK T3 Ultra,Amazon,Amazon US,B0CQXB54JC,https://www.amazon.com/dp/B0CQXB54JC,"I have had several health watches and bands - Mifit series, Amazfit, E500, ED500, Polar, Fitbit that form the basis of this rating. I have had this watch for 9 days so this is an early review, and I will comment on setup, build, basic functions, heart rate, steps, bluetooth calling, exercise features, sleep tracking, app and general functionality: Setup: Instructions to get going were clear, app download and linking were seamless Build: this is an attractive watch with a beautiful high resolution and bright screen, and 4 buttons. So far I have used the screens it came with, but others are available for download. One of those included suited me just fine. Over the 9 days the battery life has gone from 100% to 30% so the prospects of getting 12 days or so battery life (AOD is not on) seem very good. Basic functions: Are as advertised and all seem to work. I have noticed that if I am out of range of the phone most of the time the bluetooth disconnects, and one has to relaunch the phone app to make it work. Bluetooth calling and linkage to the phone contacts work flawlessly. Exercise automatic detection kicks in after 4 or 5 minutes into the exercise, so it may be better to choose it to begin with. GPS turns on for outdoor walking etc Heart rate: does not match the polar heart rate strap or the Amazfit worn at the same time. Interestingly it behaves as the Amazfit used to before they upgraded the software - the timing of the fluctuations matches the exercise level, but the reported high readings are inflated relative to the Polar. Resting heart rate is very accurate. Steps: Match the other devices very very well Exercises - a lot of them are bundled, and I have tried only a few. They seem to work as expected and generate a record on the watch and the app Sleep tracking seems to match the other devices I have App: The app is clear and works well. However, there are features that could be improved. Data export and linkage to google fit or other apps for later processing - may only be of interest to techie. Most important is to solve autobluetooth reconnect. Blood pressure: I dont think the numbers produced are real, but there is a nice plotting utility for them. On my other watches they allow the user to enter the BP from a regular testing machine - taken at the same time as the watch reading. After doing this 2 or 3 times, the watch seems to calibrate and subsequent readings are accurate. This watch does not have that option, and would be good for them to add.",very nice display and robust,5.0,2024-07-12,United States,True,13,en,public_woot_review_endpoint,https://www.woot.com/review/Reviews/B0CQXB54JC,English written five-star reviews from the top-ranked endpoint pool.,Reviewer name and media URLs were not retained.
amazon_dc305b44f1435421,kospet_tank_t3_ultra,KOSPET,TANK T3 Ultra,Amazon,Amazon US,B0CQXB54JC,https://www.amazon.com/dp/B0CQXB54JC,"Great Watch ! Formally An Apple Watch Owner, But After Purchasing This T3 Ultra I Was Highly Intrigued On What This Watch Can Do. I Highly Recommend This Watch To You If You’re Shopping For A Smart Watch ! Also, Their Customer Service Was Amazing, 10/10 ! I Can Tell You How Great This Watch Is, But It’s Up To You To Give It A Try.",Fantastic Watch !,5.0,2024-11-30,United States,True,0,en,public_woot_review_endpoint,https://www.woot.com/review/Reviews/B0CQXB54JC,English written five-star reviews from the top-ranked endpoint pool.,Reviewer name and media URLs were not retained.
amazon_de4701128fe92fa0,kospet_tank_t3_ultra,KOSPET,TANK T3 Ultra,Amazon,Amazon US,B0CQXB54JC,https://www.amazon.com/dp/B0CQXB54JC,"First watch I received work fine except the battery was not as company claim last for 10 days or so,so I contacted customer service , Jansher was my customer service representative, without questions he offered me a replacement watch right away,with in three days I received the replacement watch and the new watch is working great and the battery is last for eight days and the battery still have 30% remain and I believe it will last for 10 days or more, I believe it a great company you can trust they stand behind their products and has a great after sales service, the watch is beautiful and the watch function much better than other expensive watch out there. Thanks Jansher Al",Kespet T3 Ultra,5.0,2024-08-27,United States,True,2,en,public_woot_review_endpoint,https://www.woot.com/review/Reviews/B0CQXB54JC,English written five-star reviews from the top-ranked endpoint pool.,Reviewer name and media URLs were not retained.
amazon_e4be4b45e0d3e038,kospet_tank_t3_ultra,KOSPET,TANK T3 Ultra,Amazon,Amazon US,B0CQXB54JC,https://www.amazon.com/dp/B0CQXB54JC,"I haven't used it that long but need a watch I can were 24/7 witch includes bathing in it. A watch you have to charge is a pain in the ass and many of the top smart watches would not be a fit for me. The seller reached out to me about my thoughts. I expected a calendar that this watch doesn't have. The Kospet software is not as feature rich as many of the smart watches out their but so far the software that is there works. I haven't been able to get the voice assistant to work but I don't know how to set it up. The manual is weak. The watch appears very well made and I like the looks. I've seen watch faces it doesn't have that I wish it had, but the default watch face is very good about displaying the things I want to see. The sensors seem to be pretty accurate. It looks very rugged. The battery is amazing. I charged it 2 days ago and it shows 93% right now, and I have it set to take health readings every hour, and set to wake up when I lift my arm to see it. I have the display set to stay on 20 seconds when I access the watch menus. It is pretty responsive and scrolling is smooth. I think it is a great value. I'm liking it.",Seller sent email to follow up on delivery and experience with watch,5.0,2024-11-05,United States,True,3,en,public_woot_review_endpoint,https://www.woot.com/review/Reviews/B0CQXB54JC,English written five-star reviews from the top-ranked endpoint pool.,Reviewer name and media URLs were not retained.
amazon_e7dd0a8bf4b30bb6,kospet_tank_t3_ultra,KOSPET,TANK T3 Ultra,Amazon,Amazon US,B0CQXB54JC,https://www.amazon.com/dp/B0CQXB54JC,They works everything by replacing the old watch with a new! Wow that more than I expected!😀 The new watch is working GREAT! The Change is running LONGER that 2 weeks! wow!!! Jansher Thank you for everything!!!!,New watch,5.0,2024-07-17,United States,True,0,en,public_woot_review_endpoint,https://www.woot.com/review/Reviews/B0CQXB54JC,English written five-star reviews from the top-ranked endpoint pool.,Reviewer name and media URLs were not retained.
amazon_ea9e2629f1f54f21,kospet_tank_t3_ultra,KOSPET,TANK T3 Ultra,Amazon,Amazon US,B0CQXB54JC,https://www.amazon.com/dp/B0CQXB54JC,"I had issues with pairing, but figured it out. I own several watches, put my LUMINOX away for this one, I like it!! Screen is bright, I need that, at 64 years old. Love the compass, has more features than my other smart watch.",KOSPET TANK T3 ULTRA,5.0,2024-09-04,United States,True,1,en,public_woot_review_endpoint,https://www.woot.com/review/Reviews/B0CQXB54JC,English written five-star reviews from the top-ranked endpoint pool.,Reviewer name and media URLs were not retained.
amazon_efc80fe368ffbc3a,kospet_tank_t3_ultra,KOSPET,TANK T3 Ultra,Amazon,Amazon US,B0CQXB54JC,https://www.amazon.com/dp/B0CQXB54JC,"I got about 10 days out of the first full charge after getting it set up. It has a lot of the high end features without the really high end prices. The GPS could be more useful. It looks like you have to use ways which wouldn’t let me do anything without signing up for a free account that would start auto billing after a month. I’m not really sure what you are supposed to use the GPS for if you don’t have the subscription. The pressure sensor is interesting. The way the altimeter works is by air pressure, so whenever the barometric pressure changes my altitude changes.",Lots of features and long battery life.,5.0,2025-01-24,United States,True,0,en,public_woot_review_endpoint,https://www.woot.com/review/Reviews/B0CQXB54JC,English written five-star reviews from the top-ranked endpoint pool.,Reviewer name and media URLs were not retained.
amazon_f17ff4b250fb5925,kospet_tank_t3_ultra,KOSPET,TANK T3 Ultra,Amazon,Amazon US,B0CQXB54JC,https://www.amazon.com/dp/B0CQXB54JC,"Very good watch long battery life and plenty of features, only thing I don't like is some features you can't change from metric to standard.",Watch,5.0,2025-01-28,United States,True,0,en,public_woot_review_endpoint,https://www.woot.com/review/Reviews/B0CQXB54JC,English written five-star reviews from the top-ranked endpoint pool.,Reviewer name and media URLs were not retained.
amazon_f41473731a7f1184,kospet_tank_t3_ultra,KOSPET,TANK T3 Ultra,Amazon,Amazon US,B0CQXB54JC,https://www.amazon.com/dp/B0CQXB54JC,"You should use a sweat free band. I want a sweat free band that breathes. The watch is great and easy to set up, Thank You",Most Important change to the T3,5.0,2025-05-31,United States,True,0,en,public_woot_review_endpoint,https://www.woot.com/review/Reviews/B0CQXB54JC,English written five-star reviews from the top-ranked endpoint pool.,Reviewer name and media URLs were not retained.
amazon_f57cdecfc55dc570,kospet_tank_t3_ultra,KOSPET,TANK T3 Ultra,Amazon,Amazon US,B0CQXB54JC,https://www.amazon.com/dp/B0CQXB54JC,"Have had this for about 4 months and it works very well. It is bright enough that on sunny days at medium brightness I can read the dial without problems. I turned off the feature of coming on when you lift your arm--wakes me and my wife at night, watching TV, or any activity, plus really drains the battery. It is very easy to touch the screen and it comes on for 5 seconds. Went on hikes at a state park and the steps and distances were right on. As to the battery, it is OK, and I charge when taking a shower, or just getting ready for night time sleep, not a big deal and from 50% to 100% is about 45 min, so again no problem. So any regrets--no. should I have paid twice the amount to get a Garmin--do not think so. Wish they had a smaller woman's model",works for me,5.0,2024-10-20,United States,True,0,en,public_woot_review_endpoint,https://www.woot.com/review/Reviews/B0CQXB54JC,English written five-star reviews from the top-ranked endpoint pool.,Reviewer name and media URLs were not retained.
amazon_fe942e86218bf256,kospet_tank_t3_ultra,KOSPET,TANK T3 Ultra,Amazon,Amazon US,B0CQXB54JC,https://www.amazon.com/dp/B0CQXB54JC,"Kospet, stand behind their product. I recommend to anyone their product and customer service. I will buy again another smart watch with Kospet in the future.",Good customer service,5.0,2024-07-20,United States,True,0,en,public_woot_review_endpoint,https://www.woot.com/review/Reviews/B0CQXB54JC,English written five-star reviews from the top-ranked endpoint pool.,Reviewer name and media URLs were not retained.
