platform,rank,term,z_score_amazon_minus_aliexpress,amazon_count,aliexpress_count
Amazon,1,earbuds,2.72596199192324,82,0
Amazon,2,use,2.1903623352876296,46,4
Amazon,3,ear,2.165387009992762,65,8
Amazon,4,pair,2.0925506524733284,34,0
Amazon,5,fit,2.003334358169049,30,0
Amazon,6,buds,2.0008823885152003,47,5
Amazon,7,price,1.841360171469137,39,4
Amazon,8,charge,1.7834080598988575,28,2
Amazon,9,bought,1.641638096087419,18,0
Amazon,10,cancelling,1.6014566019285306,17,0
Amazon,11,don't,1.5137229429079373,15,0
Amazon,12,music,1.476120726625617,23,2
Amazon,13,different,1.4655255323794139,14,0
Amazon,14,i've,1.4655255323794139,14,0
Amazon,15,ears,1.4072944195468475,17,1
Amazon,16,pretty,1.4072944195468475,17,1
Amazon,17,work,1.335572676306036,21,2
Amazon,18,used,1.2606583441092627,20,2
Amazon,19,life,1.2575684332048434,15,1
Amazon,20,value,1.2325119316472468,10,0
Amazon,21,awesome,1.2325119316472468,10,0
Amazon,22,earbud,1.2325119316472468,10,0
Amazon,23,feel,1.2325119316472468,10,0
Amazon,24,comfortable,1.182277725340154,19,2
Amazon,25,able,1.1603945927883794,9,0
AliExpress,1,good,-7.640100969073584,57,62
AliExpress,2,headphones,-5.367147113705819,15,24
AliExpress,3,quality,-4.956839061609507,56,42
AliExpress,4,phone,-4.671842645843112,11,18
AliExpress,5,excellent,-4.492030248346753,9,16
AliExpress,6,arrived,-4.226520941207542,1,15
AliExpress,7,product,-3.783060081831911,15,16
AliExpress,8,cancellation,-3.481398995971538,8,11
AliExpress,9,recommend,-3.429931044572118,14,14
AliExpress,10,sound,-3.417511148706063,85,44
AliExpress,11,battery,-3.170965362989214,29,20
AliExpress,12,fast,-3.1166442877124765,5,8
AliExpress,13,delivery,-3.116527485921248,0,12
AliExpress,14,handset,-3.052888065981682,0,11
AliExpress,15,quickly,-2.847329884712141,3,6
AliExpress,16,it's,-2.7677497144170133,13,11
AliExpress,17,seller,-2.7240200152625533,0,7
AliExpress,18,big,-2.634835593904566,6,7
AliExpress,19,earphones,-2.6128031048027163,0,6
AliExpress,20,great,-2.5858821609077607,48,25
AliExpress,21,cool,-2.5093568359866376,1,4
AliExpress,22,application,-2.5093568359866376,1,4
AliExpress,23,came,-2.482201902707452,0,5
AliExpress,24,time,-2.434493488859607,20,13
AliExpress,25,cell,-2.324223771775305,0,4
