review_id,platform,predicted_platform
aliexpress_0323dcb69e315c5d,AliExpress,AliExpress
aliexpress_035f3e6023bb6649,AliExpress,AliExpress
aliexpress_054bcd7a1c92e53a,AliExpress,AliExpress
aliexpress_05f6dcdbfc761805,AliExpress,AliExpress
aliexpress_095f8c99b81b595d,AliExpress,AliExpress
aliexpress_0e401525df649fdd,AliExpress,AliExpress
aliexpress_123bf968ecb73e81,AliExpress,Amazon
aliexpress_1313b1452213fa96,AliExpress,AliExpress
aliexpress_14bb85ffe3f870a4,AliExpress,AliExpress
aliexpress_1704e00318a9554a,AliExpress,AliExpress
aliexpress_173ff91ddb8297e7,AliExpress,AliExpress
aliexpress_17dbc743544f8662,AliExpress,AliExpress
aliexpress_18de1d4b03618877,AliExpress,AliExpress
aliexpress_1ec6b40662ce65d4,AliExpress,AliExpress
aliexpress_200dde2f71babd5c,AliExpress,AliExpress
aliexpress_26cdc225a38c2e2b,AliExpress,AliExpress
aliexpress_2b87fc5684a03a14,AliExpress,AliExpress
aliexpress_2b962988d39982d8,AliExpress,Amazon
aliexpress_2d6ff08d178b40da,AliExpress,AliExpress
aliexpress_2e68df519d99d493,AliExpress,AliExpress
aliexpress_3275e4dc98149844,AliExpress,AliExpress
aliexpress_39af02a21f6f995c,AliExpress,AliExpress
aliexpress_3c57ca1f5c01e348,AliExpress,Amazon
aliexpress_437e1c60f3287bf0,AliExpress,AliExpress
aliexpress_4bb3304a18741f78,AliExpress,AliExpress
aliexpress_4c4247770796bc74,AliExpress,AliExpress
aliexpress_4ce12211c116c614,AliExpress,Amazon
aliexpress_4e40c5acf24b3f43,AliExpress,AliExpress
aliexpress_546dcab948ce0463,AliExpress,AliExpress
aliexpress_5a8419f4b39ccedf,AliExpress,AliExpress
aliexpress_600cce47a37c008a,AliExpress,AliExpress
aliexpress_61f4e967615599a2,AliExpress,AliExpress
aliexpress_633ded70467975f5,AliExpress,AliExpress
aliexpress_6491cf9ba5fd577c,AliExpress,AliExpress
aliexpress_64c4a81673e3d560,AliExpress,AliExpress
aliexpress_67e1254d9c354f0f,AliExpress,AliExpress
aliexpress_69a7b95f145b2c6c,AliExpress,AliExpress
aliexpress_6a1b6461a8f09f6f,AliExpress,AliExpress
aliexpress_6e58d7fed03db9be,AliExpress,AliExpress
aliexpress_70bbf1a8a46952ee,AliExpress,AliExpress
aliexpress_71cce9da7aaa9f60,AliExpress,AliExpress
aliexpress_760414d1368cdd47,AliExpress,AliExpress
aliexpress_767976832bf8b396,AliExpress,AliExpress
aliexpress_7774551e28e6b804,AliExpress,AliExpress
aliexpress_7877881a17ca987f,AliExpress,AliExpress
aliexpress_799db23ac3e97025,AliExpress,AliExpress
aliexpress_79f06810aad02e68,AliExpress,AliExpress
aliexpress_7b54b3e4a1bc39bd,AliExpress,AliExpress
aliexpress_7dea305bc23c1450,AliExpress,AliExpress
aliexpress_7ef5d437e13ac1bf,AliExpress,AliExpress
aliexpress_812bff25195f25dc,AliExpress,AliExpress
aliexpress_837bceeb664f66d3,AliExpress,Amazon
aliexpress_84f8392a49f5c5e7,AliExpress,AliExpress
aliexpress_864cff62220a4e3a,AliExpress,AliExpress
aliexpress_888df0abd336636d,AliExpress,AliExpress
aliexpress_89dc1810bdb1dbf6,AliExpress,AliExpress
aliexpress_8aa87de5d5c1bb49,AliExpress,AliExpress
aliexpress_8c736d5c31991d5a,AliExpress,Amazon
aliexpress_8e471732d23dc172,AliExpress,AliExpress
aliexpress_9118f934e19c3934,AliExpress,AliExpress
aliexpress_92e3104bdf09b166,AliExpress,AliExpress
aliexpress_961ced4ac5101185,AliExpress,AliExpress
aliexpress_99da6a2d8424465d,AliExpress,Amazon
aliexpress_9b9b1cc2f40a14e5,AliExpress,AliExpress
aliexpress_9eb96286f0a0f95e,AliExpress,AliExpress
aliexpress_9fca167b2b7fe734,AliExpress,AliExpress
aliexpress_a72bd19f06230ede,AliExpress,AliExpress
aliexpress_a828bbd017e7f6da,AliExpress,AliExpress
aliexpress_aa816377be722a50,AliExpress,AliExpress
aliexpress_b103dddee5e01f0f,AliExpress,AliExpress
aliexpress_b2b6ce8112f983c9,AliExpress,AliExpress
aliexpress_b46a26d9f52150ff,AliExpress,AliExpress
aliexpress_b61a1fa4782c46b7,AliExpress,Amazon
aliexpress_b705bdc8e285a9af,AliExpress,AliExpress
aliexpress_b9614cc61db9b4c9,AliExpress,AliExpress
aliexpress_bcd89720fcbf06fe,AliExpress,AliExpress
aliexpress_bdbb330e7c1a72f5,AliExpress,AliExpress
aliexpress_c042906c80bc8ffe,AliExpress,AliExpress
aliexpress_c1992f5209a5f2cd,AliExpress,AliExpress
aliexpress_c5565cca7b37f4b7,AliExpress,AliExpress
aliexpress_c693b4a38829acd6,AliExpress,AliExpress
aliexpress_c94421e344e4f9b6,AliExpress,AliExpress
aliexpress_cbb8cd62ad068551,AliExpress,Amazon
aliexpress_d0516f485af001a8,AliExpress,AliExpress
aliexpress_d0bbfd4ceba9ea14,AliExpress,AliExpress
aliexpress_d107876442c2a16c,AliExpress,AliExpress
aliexpress_d144a7d6ca3428d4,AliExpress,AliExpress
aliexpress_d214668acd18ce11,AliExpress,AliExpress
aliexpress_d2a7ee44b6c3cac9,AliExpress,Amazon
aliexpress_d773b139057cdc07,AliExpress,AliExpress
aliexpress_da73b891ba57020f,AliExpress,AliExpress
aliexpress_e035438576bb497b,AliExpress,AliExpress
aliexpress_e94c7d7f69e77729,AliExpress,AliExpress
aliexpress_eae5572c3c608da2,AliExpress,AliExpress
aliexpress_ecfe7ca7052417cc,AliExpress,AliExpress
aliexpress_f36e64ebea99b82c,AliExpress,AliExpress
aliexpress_f3f8dd24def58333,AliExpress,AliExpress
aliexpress_fcf839e2853cbf82,AliExpress,AliExpress
aliexpress_fe5f5c242e0d80ca,AliExpress,AliExpress
aliexpress_fe6cc331443d6a39,AliExpress,AliExpress
amazon_035aa1e8ed3aac88,Amazon,Amazon
amazon_048722f8c7569b8b,Amazon,Amazon
amazon_04a7be4254bf6591,Amazon,AliExpress
amazon_05dcdbd53bf02df8,Amazon,Amazon
amazon_0d154928cee89de2,Amazon,AliExpress
amazon_0f8fb0074ac678c6,Amazon,Amazon
amazon_13df141e0e0ecaf0,Amazon,Amazon
amazon_14119c5a8bce74b8,Amazon,Amazon
amazon_143c9c39c13e1065,Amazon,Amazon
amazon_152f73436bfed1fd,Amazon,AliExpress
amazon_16308ab007f3e08c,Amazon,Amazon
amazon_16845e262b2397bd,Amazon,AliExpress
amazon_17dff3752f2c82e8,Amazon,Amazon
amazon_18b0bcaaba882a2c,Amazon,AliExpress
amazon_1a6623aef5715762,Amazon,Amazon
amazon_1b941501b26078cb,Amazon,AliExpress
amazon_1e6c70e3d3947088,Amazon,Amazon
amazon_2099d8264d342b24,Amazon,AliExpress
amazon_212f1bc42e4f1b66,Amazon,Amazon
amazon_22cfc72a334bbc15,Amazon,AliExpress
amazon_278cf30925540bf0,Amazon,Amazon
amazon_28fe265fbfa81519,Amazon,AliExpress
amazon_2e4819533e14036b,Amazon,Amazon
amazon_2ec5c9719aa43443,Amazon,Amazon
amazon_2f53734744cd1d7c,Amazon,Amazon
amazon_359b0a8470fe9eef,Amazon,Amazon
amazon_3dcb6a1610089148,Amazon,Amazon
amazon_41d69d8711a558d1,Amazon,AliExpress
amazon_4276728feb9ba067,Amazon,Amazon
amazon_4410c7b7637c822c,Amazon,Amazon
amazon_46a73cfe5359cd8b,Amazon,Amazon
amazon_4abc5f806882c285,Amazon,Amazon
amazon_4c9173118bb5f6e7,Amazon,Amazon
amazon_4ed5c7b43cc18b16,Amazon,Amazon
amazon_503e87d71e2d6347,Amazon,Amazon
amazon_52514b68561e115a,Amazon,Amazon
amazon_532298620525d9ae,Amazon,AliExpress
amazon_571cca331861ca17,Amazon,Amazon
amazon_581d6cd0b4b44bdb,Amazon,Amazon
amazon_585d71150cc97891,Amazon,Amazon
amazon_5a1378647077777b,Amazon,AliExpress
amazon_5b9f63f773f8335a,Amazon,Amazon
amazon_5bb774dbc0254eed,Amazon,Amazon
amazon_604c070ac6bd7872,Amazon,Amazon
amazon_61682bcbfb00efbe,Amazon,Amazon
amazon_6246c472de444284,Amazon,AliExpress
amazon_637b8acaadb58df1,Amazon,Amazon
amazon_64685e26df7ae4aa,Amazon,Amazon
amazon_68a698ad7b0e1509,Amazon,Amazon
amazon_6a993853242de399,Amazon,Amazon
amazon_6c9cfabf81b629fc,Amazon,Amazon
amazon_6d2a1185a56c7cc7,Amazon,Amazon
amazon_6e11b827400acc12,Amazon,Amazon
amazon_7b439982d2da2260,Amazon,Amazon
amazon_7bde35e080baa9d2,Amazon,Amazon
amazon_7d9e21e72c5397f8,Amazon,Amazon
amazon_7e2ffe088a7b5aed,Amazon,Amazon
amazon_7f0621fef5a8b114,Amazon,Amazon
amazon_7fb9d0215deaa181,Amazon,Amazon
amazon_84793d7f4f6bd355,Amazon,Amazon
amazon_86204ca0556cd1b5,Amazon,Amazon
amazon_8a81b15fc5147484,Amazon,Amazon
amazon_8a9c1b9a6448b181,Amazon,Amazon
amazon_8b8d54e246f9a4a3,Amazon,AliExpress
amazon_8dc4ab6e05fd8e49,Amazon,Amazon
amazon_8e51fcb81f299db5,Amazon,Amazon
amazon_905e109874d77e97,Amazon,Amazon
amazon_917b6c35a9217842,Amazon,AliExpress
amazon_94ee7e53229d98eb,Amazon,Amazon
amazon_967d2081dd476b70,Amazon,Amazon
amazon_98c8cde69ba65c36,Amazon,Amazon
amazon_99771933f9044899,Amazon,Amazon
amazon_9ac03d07d41311b3,Amazon,Amazon
amazon_9b8b0ff2ae52efae,Amazon,Amazon
amazon_9e0069cb749c4537,Amazon,Amazon
amazon_9f0d73740727cad0,Amazon,Amazon
amazon_a2f0d8c2e34465e6,Amazon,Amazon
amazon_a7b3f2b810eb6421,Amazon,Amazon
amazon_a7e4b800fb7c5965,Amazon,Amazon
amazon_aa23b76119aabea1,Amazon,Amazon
amazon_aea008353c43cfd6,Amazon,Amazon
amazon_af5c02b386c6ce70,Amazon,AliExpress
amazon_b72ac535d65e9e5a,Amazon,Amazon
amazon_bc78a38fa7019f01,Amazon,AliExpress
amazon_bdea5d2c30683d95,Amazon,Amazon
amazon_be6270af66545655,Amazon,Amazon
amazon_c6c82457269d0a9d,Amazon,Amazon
amazon_cf3d29319dbde1e3,Amazon,Amazon
amazon_cf4309388e666b84,Amazon,Amazon
amazon_d4112f47e6205e7b,Amazon,Amazon
amazon_d5c2de3db610f773,Amazon,Amazon
amazon_d6db115bfb4b865b,Amazon,Amazon
amazon_da2f26cd9234e90e,Amazon,Amazon
amazon_dc1d1eab6cb96ad8,Amazon,Amazon
amazon_ea134531b1d6e1d7,Amazon,Amazon
amazon_ed7d091b1447367f,Amazon,Amazon
amazon_ef400222e26fec40,Amazon,Amazon
amazon_f9e958b70e2420a7,Amazon,Amazon
amazon_ff752346e366ffea,Amazon,Amazon
amazon_ff7987b828ad5097,Amazon,Amazon
